[
{"idPais":1,"idEquipo":100,"nombre":"River Plate"},
{"idPais":1,"idEquipo":101,"nombre":"Racing Club"},
{"idPais":1,"idEquipo":102,"nombre":"Independiente"},
{"idPais":1,"idEquipo":103,"nombre":"San Lorenzo"},
{"idPais":1,"idEquipo":104,"nombre":"Quilmes"},
{"idPais":2,"idEquipo":201,"nombre":"Corinthians"},
{"idPais":2,"idEquipo":202,"nombre":"Sao Pablo"},
{"idPais":2,"idEquipo":203,"nombre":"Cruzeiro"},
{"idPais":2,"idEquipo":204,"nombre":"Palmeiras"},
{"idPais":2,"idEquipo":205,"nombre":"Santos"},
{"idPais":3,"idEquipo":300,"nombre":"Nacional"},
{"idPais":3,"idEquipo":301,"nombre":"Peñarol"},
{"idPais":3,"idEquipo":302,"nombre":"Wonderers"},
{"idPais":4,"idEquipo":401,"nombre":"Real Madrid"},
{"idPais":4,"idEquipo":402,"nombre":"Barcelona"},
{"idPais":4,"idEquipo":403,"nombre":"At. Bilbao"},
{"idPais":4,"idEquipo":404,"nombre":"At. Madrid"},
{"idPais":5,"idEquipo":500,"nombre":"Inter"},
{"idPais":5,"idEquipo":501,"nombre":"Milan"},
{"idPais":5,"idEquipo":502,"nombre":"Juventus"},
{"idPais":5,"idEquipo":503,"nombre":"Torino"},
{"idPais":6,"idEquipo":601,"nombre":"Liverpool"},
{"idPais":6,"idEquipo":602,"nombre":"Manchester United"},
{"idPais":6,"idEquipo":603,"nombre":"Arsenal"},
{"idPais":6,"idEquipo":604,"nombre":"Chelsea"}
]